{
    "id": "yolo-model-01",
    "objects": [
        {
            "centerX": 41.0,
            "centerY": 239.0,
            "confidences": [
                0.6679658,
                0.32458264,
                0.0057245484,
                0.00025993204,
                0.00017069715,
                0.00013948459,
                0.00010358589,
                0.0001003403,
                5.5740995e-05,
                5.4393808e-05
            ],
            "height": 216.0,
            "predictedClassNumbers": [
                7,
                2,
                5,
                0,
                3,
                6,
                62,
                12,
                39,
                67
            ],
            "predictedClasses": [
                "truck",
                "car",
                "bus",
                "person",
                "motorbike",
                "train",
                "tvmonitor",
                "parking meter",
                "bottle",
                "cell phone"
            ],
            "width": 90.0
        },
        {
            "centerX": 48.0,
            "centerY": 257.0,
            "confidences": [
                0.66478354,
                0.33372214,
                0.0011374363,
                0.00020730338,
                4.6589805e-05,
                1.18082935e-05,
                6.9292705e-06,
                6.2256495e-06,
                6.045598e-06,
                5.4361394e-06
            ],
            "height": 209.0,
            "predictedClassNumbers": [
                2,
                7,
                5,
                0,
                3,
                6,
                58,
                12,
                26,
                56
            ],
            "predictedClasses": [
                "car",
                "truck",
                "bus",
                "person",
                "motorbike",
                "train",
                "pottedplant",
                "parking meter",
                "handbag",
                "chair"
            ],
            "width": 76.0
        },
        {
            "centerX": 144.0,
            "centerY": 261.0,
            "confidences": [
                0.96425927,
                0.02358614,
                0.008587499,
                0.0014346293,
                0.0009031584,
                0.00049740815,
                0.00027590428,
                9.439886e-05,
                8.955977e-05,
                3.0865398e-05
            ],
            "height": 118.0,
            "predictedClassNumbers": [
                2,
                7,
                0,
                5,
                3,
                58,
                26,
                12,
                1,
                24
            ],
            "predictedClasses": [
                "car",
                "truck",
                "person",
                "bus",
                "motorbike",
                "pottedplant",
                "handbag",
                "parking meter",
                "bicycle",
                "backpack"
            ],
            "width": 46.0
        },
        {
            "centerX": 217.0,
            "centerY": 266.0,
            "confidences": [
                0.7921572,
                0.16914162,
                0.022800226,
                0.0059406515,
                0.005123883,
                0.0008100289,
                0.00051706884,
                0.00032966107,
                0.0003214538,
                0.00018051855
            ],
            "height": 228.0,
            "predictedClassNumbers": [
                0,
                2,
                7,
                58,
                5,
                3,
                26,
                39,
                1,
                16
            ],
            "predictedClasses": [
                "person",
                "car",
                "truck",
                "pottedplant",
                "bus",
                "motorbike",
                "handbag",
                "bottle",
                "bicycle",
                "dog"
            ],
            "width": 137.0
        },
        {
            "centerX": 365.0,
            "centerY": 287.0,
            "confidences": [
                0.9773771,
                0.02215727,
                0.00012529535,
                0.00011586632,
                5.8389123e-05,
                1.9337815e-05,
                1.6842132e-05,
                1.2339454e-05,
                1.18285125e-05,
                8.078269e-06
            ],
            "height": 163.0,
            "predictedClassNumbers": [
                2,
                7,
                5,
                3,
                0,
                58,
                1,
                26,
                12,
                45
            ],
            "predictedClasses": [
                "car",
                "truck",
                "bus",
                "motorbike",
                "person",
                "pottedplant",
                "bicycle",
                "handbag",
                "parking meter",
                "bowl"
            ],
            "width": 195.0
        },
        {
            "centerX": 452.0,
            "centerY": 259.0,
            "confidences": [
                0.9919629,
                0.0058273072,
                0.0010653784,
                0.000765375,
                0.00014572318,
                0.00011171481,
                2.0521482e-05,
                1.1402129e-05,
                8.395664e-06,
                6.724998e-06
            ],
            "height": 70.0,
            "predictedClassNumbers": [
                2,
                7,
                0,
                3,
                5,
                12,
                1,
                13,
                9,
                56
            ],
            "predictedClasses": [
                "car",
                "truck",
                "person",
                "motorbike",
                "bus",
                "parking meter",
                "bicycle",
                "bench",
                "traffic light",
                "chair"
            ],
            "width": 45.0
        },
        {
            "centerX": 530.0,
            "centerY": 273.0,
            "confidences": [
                0.97778875,
                0.021148836,
                0.00029133222,
                0.00026017852,
                0.00022818502,
                3.57315e-05,
                2.765354e-05,
                1.6242235e-05,
                1.6217778e-05,
                1.1146454e-05
            ],
            "height": 128.0,
            "predictedClassNumbers": [
                2,
                7,
                5,
                0,
                3,
                12,
                20,
                67,
                19,
                17
            ],
            "predictedClasses": [
                "car",
                "truck",
                "bus",
                "person",
                "motorbike",
                "parking meter",
                "elephant",
                "cell phone",
                "cow",
                "horse"
            ],
            "width": 126.0
        },
        {
            "centerX": 709.0,
            "centerY": 289.0,
            "confidences": [
                0.9900355,
                0.008441222,
                0.0009582108,
                0.00015360562,
                5.4143402e-05,
                4.118463e-05,
                3.874395e-05,
                3.5049005e-05,
                2.2627893e-05,
                1.8016097e-05
            ],
            "height": 142.0,