{
    "id": "yolo-model-01",
    "objects": [
        {
            "centerX": 203.0,
            "centerY": 561.0,
            "confidences": [
                0.99966335,
                0.00010057056,
                5.174224e-05,
                3.3866887e-05,
                1.9935003e-05,
                1.7157912e-05,
                9.318769e-06,
                9.040386e-06,
                8.946189e-06,
                4.7415715e-06
            ],
            "height": 715.0,
            "predictedClassNumbers": [
                0,
                56,
                77,
                57,
                16,
                15,
                60,
                39,
                26,
                58
            ],
            "predictedClasses": [
                "person",
                "chair",
                "teddy bear",
                "sofa",
                "dog",
                "cat",
                "diningtable",
                "bottle",
                "handbag",
                "pottedplant"
            ],
            "width": 435.0
        },
        {
            "centerX": 272.0,
            "centerY": 803.0,
            "confidences": [
                0.9893945,
                0.004673468,
                0.0026416809,
                0.0011204568,
                0.0009715518,
                0.00055642263,
                0.00016326393,
                0.00015278804,
                0.00011974836,
                2.8587374e-05
            ],
            "height": 391.0,
            "predictedClassNumbers": [
                56,
                13,
                60,
                57,
                26,
                59,
                28,
                0,
                24,
                1
            ],
            "predictedClasses": [
                "chair",
                "bench",
                "diningtable",
                "sofa",
                "handbag",
                "bed",
                "suitcase",
                "person",
                "backpack",
                "bicycle"
            ],
            "width": 504.0
        },
        {
            "centerX": 352.0,
            "centerY": 403.0,
            "confidences": [
                0.9993787,
                0.0003260247,
                4.8836428e-05,
                2.3242352e-05,
                1.4927715e-05,
                1.3604886e-05,
                1.0310437e-05,
                1.0094838e-05,
                9.731637e-06,
                8.799737e-06
            ],
            "height": 284.0,
            "predictedClassNumbers": [
                0,
                56,
                57,
                58,
                77,
                26,
                59,
                40,
                60,
                24
            ],
            "predictedClasses": [
                "person",
                "chair",
                "sofa",
                "pottedplant",
                "teddy bear",
                "handbag",
                "bed",
                "wine glass",
                "diningtable",
                "backpack"
            ],
            "width": 208.0
        },
        {
            "centerX": 503.0,
            "centerY": 324.0,
            "confidences": [
                0.9996265,
                0.0001257918,
                6.559037e-05,
                4.9943606e-05,
                1.6107924e-05,
                1.1957385e-05,
                1.0607061e-05,
                8.955822e-06,
                7.6208485e-06,
                5.825425e-06
            ],
            "height": 340.0,
            "predictedClassNumbers": [
                0,
                56,
                58,
                26,
                25,
                24,
                75,
                40,
                77,
                57
            ],
            "predictedClasses": [
                "person",
                "chair",
                "pottedplant",
                "handbag",
                "umbrella",
                "backpack",
                "vase",
                "wine glass",
                "teddy bear",
                "sofa"
            ],
            "width": 197.0
        },
        {
            "centerX": 608.0,
            "centerY": 397.0,
            "confidences": [
                0.5249156,
                0.19061433,
                0.1762649,
                0.06438393,
                0.018830737,
                0.004843038,
                0.0042352234,
                0.002610959,
                0.0021194716,
                0.0016831019
            ],
            "height": 160.0,
            "predictedClassNumbers": [
                39,
                40,
                75,
                41,
                58,
                44,
                56,
                43,
                42,
                45
            ],
            "predictedClasses": [
                "bottle",
                "wine glass",
                "vase",
                "cup",
                "pottedplant",
                "spoon",
                "chair",
                "knife",
                "fork",
                "bowl"
            ],
            "width": 53.0
        },
        {
            "centerX": 675.0,
            "centerY": 659.0,
            "confidences": [
                0.99682754,
                0.0011584793,
                0.000993708,
                0.00051230285,
                0.0001921131,
                4.164198e-05,
                3.4893597e-05,
                3.2606367e-05,
                2.5949099e-05,
                2.3719916e-05
            ],
            "height": 545.0,
            "predictedClassNumbers": [
                60,
                59,
                56,
                57,
                0,
                55,
                13,
                25,
                58,
                8
            ],
            "predictedClasses": [
                "diningtable",
                "bed",
                "chair",
                "sofa",
                "person",
                "cake",
                "bench",
                "umbrella",
                "pottedplant",
                "boat"
            ],
            "width": 811.0
        },
        {
            "centerX": 982.0,
            "centerY": 288.0,
            "confidences": [
                0.9962758,
                0.0032080787,
                0.00013634119,
                6.961177e-05,
                5.3671538e-05,
                3.3278222e-05,
                2.0035955e-05,
                1.8357625e-05,
                1.5794803e-05,
                1.5476417e-05
            ],
            "height": 228.0,
            "predictedClassNumbers": [
                0,
                56,
                13,
                2,
                57,
                7,
                8,
                25,
                6,
                58
            ],
            "predictedClasses": [
                "person",
                "chair",
                "bench",
                "car",
                "sofa",
                "truck",
                "boat",
                "umbrella",
                "train",
                "pottedplant"
            ],
            "width": 289.0
        },
        {
            "centerX": 1095.0,
            "centerY": 273.0,
            "confidences": [
                0.9795855,
                0.0055411225,
                0.0035013873,
                0.0024815334,
                0.0018296231,
                0.0016510952,
                0.0012063248,
                0.0011252095,
                0.00073801697,
                0.0002911342
            ],
            "height": 87.0,