{
    "id": "yolo-model-01",
    "objects": [
        {
            "centerX": 174.0,
            "centerY": 398.0,
            "confidences": [
                0.99905545,
                0.000130001,
                8.395465e-05,
                6.596203e-05,
                6.333907e-05,
                5.9775513e-05,
                5.5011777e-05,
                4.7766807e-05,
                3.274756e-05,
                3.1620053e-05
            ],
            "height": 296.0,
            "predictedClassNumbers": [
                0,
                24,
                1,
                17,
                26,
                37,
                33,
                25,
                3,
                56
            ],
            "predictedClasses": [
                "person",
                "backpack",
                "bicycle",
                "horse",
                "handbag",
                "surfboard",
                "kite",
                "umbrella",
                "motorbike",
                "chair"
            ],
            "width": 95.0
        },
        {
            "centerX": 285.0,
            "centerY": 490.0,
            "confidences": [
                0.9994574,
                0.00017936678,
                0.00012633445,
                7.545753e-05,
                4.9935774e-05,
                2.4892604e-05,
                1.0876308e-05,
                8.094867e-06,
                6.4869514e-06,
                6.2853546e-06
            ],
            "height": 405.0,
            "predictedClassNumbers": [
                0,
                26,
                24,
                17,
                56,
                16,
                60,
                18,
                33,
                19
            ],
            "predictedClasses": [
                "person",
                "handbag",
                "backpack",
                "horse",
                "chair",
                "dog",
                "diningtable",
                "sheep",
                "kite",
                "cow"
            ],
            "width": 188.0
        },
        {
            "centerX": 274.0,
            "centerY": 743.0,
            "confidences": [
                0.9802219,
                0.015865056,
                0.0029558653,
                0.0007227313,
                0.00017381103,
                2.1106976e-05,
                7.835401e-06,
                6.127526e-06,
                4.9094638e-06,
                3.3854485e-06
            ],
            "height": 217.0,
            "predictedClassNumbers": [
                16,
                18,
                19,
                17,
                15,
                0,
                21,
                56,
                77,
                14
            ],
            "predictedClasses": [
                "dog",
                "sheep",
                "cow",
                "horse",
                "cat",
                "person",
                "bear",
                "chair",
                "teddy bear",
                "bird"
            ],
            "width": 327.0
        },
        {
            "centerX": 460.0,
            "centerY": 409.0,
            "confidences": [
                0.8426495,
                0.1115389,
                0.014007774,
                0.013529442,
                0.008254186,
                0.0021538532,
                0.0021352808,
                0.0012886241,
                0.0008945076,
                0.0007693949
            ],
            "height": 168.0,
            "predictedClassNumbers": [
                1,
                0,
                3,
                56,
                13,
                26,
                24,
                16,
                60,
                17
            ],
            "predictedClasses": [
                "bicycle",
                "person",
                "motorbike",
                "chair",
                "bench",
                "handbag",
                "backpack",
                "dog",
                "diningtable",
                "horse"
            ],
            "width": 121.0
        },
        {
            "centerX": 489.0,
            "centerY": 300.0,
            "confidences": [
                0.977448,
                0.021100031,
                0.00056748115,
                0.00030899837,
                0.00013289816,
                9.899378e-05,
                9.691054e-05,
                3.4976638e-05,
                3.0617164e-05,
                2.6859036e-05
            ],
            "height": 130.0,
            "predictedClassNumbers": [
                0,
                1,
                3,
                2,
                26,
                17,
                24,
                33,
                7,
                56
            ],
            "predictedClasses": [
                "person",
                "bicycle",
                "motorbike",
                "car",
                "handbag",
                "horse",
                "backpack",
                "kite",
                "truck",
                "chair"
            ],
            "width": 63.0
        },
        {
            "centerX": 534.0,
            "centerY": 648.0,
            "confidences": [
                0.973188,
                0.02671668,
                5.120076e-05,
                1.9348974e-05,
                1.6382812e-05,
                4.764366e-06,
                7.625705e-07,
                6.202664e-07,
                4.3052495e-07,
                4.152323e-07
            ],
            "height": 203.0,
            "predictedClassNumbers": [
                16,
                18,
                19,
                15,
                17,
                56,
                0,
                25,
                77,
                14
            ],
            "predictedClasses": [
                "dog",
                "sheep",
                "cow",
                "cat",
                "horse",
                "chair",
                "person",
                "umbrella",
                "teddy bear",
                "bird"
            ],
            "width": 143.0
        },
        {
            "centerX": 595.0,
            "centerY": 495.0,
            "confidences": [
                0.9999174,
                2.3128636e-05,
                2.0484778e-05,
                9.055178e-06,
                4.4275257e-06,
                4.419548e-06,
                4.1331937e-06,
                2.1926808e-06,
                1.8056293e-06,
                1.2702905e-06
            ],
            "height": 382.0,
            "predictedClassNumbers": [
                0,
                26,
                56,
                24,
                17,
                1,
                16,
                25,
                18,
                33
            ],
            "predictedClasses": [
                "person",
                "handbag",
                "chair",
                "backpack",
                "horse",
                "bicycle",
                "dog",
                "umbrella",
                "sheep",
                "kite"
            ],
            "width": 132.0
        },
        {
            "centerX": 675.0,
            "centerY": 618.0,
            "confidences": [
                0.9667587,
                0.032912154,
                7.345347e-05,
                6.5480315e-05,
                4.7263664e-05,
                4.1872165e-05,
                3.974291e-05,
                2.2468497e-05,
                6.8350455e-06,
                5.88815e-06
            ],
            "height": 164.0,
            "predictedClassNumbers": [
                16,
                18,
                19,
                56,
                17,
                15,
                24,
                0,
                26,
                1
            ],