{
    "id": "yolo-model-01",
    "objects": [
        {
            "centerX": 306.0,
            "centerY": 561.0,
            "confidences": [
                0.99961215,
                0.00024007041,
                4.0523166e-05,
                3.8346734e-05,
                1.568048e-05,
                1.2241016e-05,
                8.19375e-06,
                6.563125e-06,
                2.4454216e-06,
                1.7269687e-06
            ],
            "height": 416.0,
            "predictedClassNumbers": [
                0,
                56,
                1,
                58,
                60,
                13,
                25,
                26,
                38,
                39
            ],
            "predictedClasses": [
                "person",
                "chair",
                "bicycle",
                "pottedplant",
                "diningtable",
                "bench",
                "umbrella",
                "handbag",
                "tennis racket",
                "bottle"
            ],
            "width": 216.0
        },
        {
            "centerX": 298.0,
            "centerY": 713.0,
            "confidences": [
                0.9995747,
                8.263894e-05,
                7.190951e-05,
                5.7171394e-05,
                2.9703635e-05,
                2.526e-05,
                2.1259775e-05,
                1.9569366e-05,
                1.2716202e-05,
                1.1546544e-05
            ],
            "height": 311.0,
            "predictedClassNumbers": [
                1,
                25,
                13,
                56,
                30,
                59,
                28,
                8,
                58,
                15
            ],
            "predictedClasses": [
                "bicycle",
                "umbrella",
                "bench",
                "chair",
                "skis",
                "bed",
                "suitcase",
                "boat",
                "pottedplant",
                "cat"
            ],
            "width": 500.0
        },
        {
            "centerX": 609.0,
            "centerY": 514.0,
            "confidences": [
                0.9682667,
                0.020961504,
                0.0063783675,
                0.0032167896,
                0.00030205527,
                0.00021136749,
                0.00020372211,
                0.0001862837,
                0.00010821344,
                8.008517e-05
            ],
            "height": 150.0,
            "predictedClassNumbers": [
                0,
                56,
                13,
                60,
                2,
                1,
                58,
                26,
                25,
                3
            ],
            "predictedClasses": [
                "person",
                "chair",
                "bench",
                "diningtable",
                "car",
                "bicycle",
                "pottedplant",
                "handbag",
                "umbrella",
                "motorbike"
            ],
            "width": 89.0
        },
        {
            "centerX": 613.0,
            "centerY": 543.0,
            "confidences": [
                0.9456302,
                0.029342754,
                0.016455539,
                0.004936968,
                0.0034294573,
                4.352917e-05,
                3.7823058e-05,
                2.763984e-05,
                1.632772e-05,
                1.25356355e-05
            ],
            "height": 113.0,
            "predictedClassNumbers": [
                56,
                13,
                60,
                0,
                1,
                26,
                3,
                58,
                25,
                8
            ],
            "predictedClasses": [
                "chair",
                "bench",
                "diningtable",
                "person",
                "bicycle",
                "handbag",
                "motorbike",
                "pottedplant",
                "umbrella",
                "boat"
            ],
            "width": 93.0
        },
        {
            "centerX": 750.0,
            "centerY": 511.0,
            "confidences": [
                0.9955851,
                0.0017065002,
                0.001587537,
                0.0005345813,
                0.00046676595,
                2.5178428e-05,
                1.9908832e-05,
                1.8836723e-05,
                1.8215456e-05,
                9.558859e-06
            ],
            "height": 170.0,
            "predictedClassNumbers": [
                0,
                56,
                60,
                26,
                13,
                2,
                25,
                58,
                1,
                3
            ],
            "predictedClasses": [
                "person",
                "chair",
                "diningtable",
                "handbag",
                "bench",
                "car",
                "umbrella",
                "pottedplant",
                "bicycle",
                "motorbike"
            ],
            "width": 98.0
        },
        {
            "centerX": 835.0,
            "centerY": 400.0,
            "confidences": [
                0.9998996,
                3.540196e-05,
                1.1200869e-05,
                8.81012e-06,
                4.256559e-06,
                4.240571e-06,
                3.7992952e-06,
                3.5356059e-06,
                2.8088052e-06,
                2.0584885e-06
            ],
            "height": 266.0,
            "predictedClassNumbers": [
                25,
                0,
                33,
                58,
                2,
                7,
                5,
                3,
                8,
                60
            ],
            "predictedClasses": [
                "umbrella",
                "person",
                "kite",
                "pottedplant",
                "car",
                "truck",
                "bus",
                "motorbike",
                "boat",
                "diningtable"
            ],
            "width": 355.0
        },
        {
            "centerX": 881.0,
            "centerY": 496.0,
            "confidences": [
                0.9720605,
                0.009417028,
                0.0069279056,
                0.004549211,
                0.0026473675,
                0.0020389478,
                0.0011381577,
                0.000504642,
                0.00018101637,
                0.0001222245
            ],
            "height": 120.0,
            "predictedClassNumbers": [
                0,
                56,
                3,
                1,
                2,
                60,
                13,
                26,
                58,
                25
            ],
            "predictedClasses": [
                "person",
                "chair",
                "motorbike",
                "bicycle",
                "car",
                "diningtable",
                "bench",
                "handbag",
                "pottedplant",
                "umbrella"
            ],
            "width": 78.0
        },
        {
            "centerX": 1089.0,
            "centerY": 620.0,
            "confidences": [
                0.9437938,
                0.037145715,
                0.012113225,
                0.0020101445,
                0.001195452,
                0.0005986307,
                0.0005172848,
                0.0004064007,
                0.00017389758,
                0.000112493326
            ],
            "height": 419.0,