{
    "id": "yolo-model-01",
    "objects": [
        {
            "centerX": 209.0,
            "centerY": 383.0,
            "confidences": [
                0.99962986,
                0.00021992285,
                4.6418525e-05,
                3.8127597e-05,
                1.3651589e-05,
                1.19408905e-05,
                7.193498e-06,
                6.1911906e-06,
                2.4674623e-06,
                1.7361148e-06
            ],
            "height": 280.0,
            "predictedClassNumbers": [
                0,
                56,
                1,
                58,
                60,
                13,
                25,
                26,
                38,
                39
            ],
            "predictedClasses": [
                "person",
                "chair",
                "bicycle",
                "pottedplant",
                "diningtable",
                "bench",
                "umbrella",
                "handbag",
                "tennis racket",
                "bottle"
            ],
            "width": 146.0
        },
        {
            "centerX": 201.0,
            "centerY": 487.0,
            "confidences": [
                0.9995086,
                9.6290336e-05,
                8.130954e-05,
                6.0509177e-05,
                3.335712e-05,
                2.9032537e-05,
                2.7366195e-05,
                2.4222316e-05,
                1.4435253e-05,
                1.4007229e-05
            ],
            "height": 211.0,
            "predictedClassNumbers": [
                1,
                13,
                25,
                56,
                30,
                59,
                28,
                8,
                58,
                15
            ],
            "predictedClasses": [
                "bicycle",
                "bench",
                "umbrella",
                "chair",
                "skis",
                "bed",
                "suitcase",
                "boat",
                "pottedplant",
                "cat"
            ],
            "width": 343.0
        },
        {
            "centerX": 416.0,
            "centerY": 352.0,
            "confidences": [
                0.9711865,
                0.018530762,
                0.0067411866,
                0.0025103064,
                0.00023455164,
                0.00020226848,
                0.00018020798,
                0.0001779915,
                8.6251355e-05,
                7.053998e-05
            ],
            "height": 105.0,
            "predictedClassNumbers": [
                0,
                56,
                13,
                60,
                2,
                1,
                26,
                58,
                25,
                3
            ],
            "predictedClasses": [
                "person",
                "chair",
                "bench",
                "diningtable",
                "car",
                "bicycle",
                "handbag",
                "pottedplant",
                "umbrella",
                "motorbike"
            ],
            "width": 60.0
        },
        {
            "centerX": 418.0,
            "centerY": 371.0,
            "confidences": [
                0.92198545,
                0.04850792,
                0.017772106,
                0.0074695703,
                0.0040213694,
                4.853802e-05,
                4.7526184e-05,
                3.2613127e-05,
                1.9138908e-05,
                1.5097301e-05
            ],
            "height": 79.0,
            "predictedClassNumbers": [
                56,
                13,
                60,
                0,
                1,
                3,
                26,
                58,
                25,
                8
            ],
            "predictedClasses": [
                "chair",
                "bench",
                "diningtable",
                "person",
                "bicycle",
                "motorbike",
                "handbag",
                "pottedplant",
                "umbrella",
                "boat"
            ],
            "width": 63.0
        },
        {
            "centerX": 513.0,
            "centerY": 349.0,
            "confidences": [
                0.9951682,
                0.0017081671,
                0.0016488087,
                0.0006996138,
                0.0006324714,
                3.101672e-05,
                2.2997017e-05,
                2.1516129e-05,
                2.1307033e-05,
                1.3542709e-05
            ],
            "height": 117.0,
            "predictedClassNumbers": [
                0,
                60,
                56,
                26,
                13,
                2,
                1,
                58,
                25,
                3
            ],
            "predictedClasses": [
                "person",
                "diningtable",
                "chair",
                "handbag",
                "bench",
                "car",
                "bicycle",
                "pottedplant",
                "umbrella",
                "motorbike"
            ],
            "width": 67.0
        },
        {
            "centerX": 570.0,
            "centerY": 273.0,
            "confidences": [
                0.9998696,
                4.6112644e-05,
                1.3377863e-05,
                1.0549587e-05,
                5.8566857e-06,
                5.5390897e-06,
                5.2717537e-06,
                5.0554663e-06,
                3.3891954e-06,
                2.6970793e-06
            ],
            "height": 180.0,
            "predictedClassNumbers": [
                25,
                0,
                33,
                58,
                2,
                7,
                5,
                3,
                8,
                60
            ],
            "predictedClasses": [
                "umbrella",
                "person",
                "kite",
                "pottedplant",
                "car",
                "truck",
                "bus",
                "motorbike",
                "boat",
                "diningtable"
            ],
            "width": 239.0
        },
        {
            "centerX": 601.0,
            "centerY": 339.0,
            "confidences": [
                0.9748244,
                0.007851025,
                0.007189042,
                0.0035769835,
                0.0026848046,
                0.0016893172,
                0.0010477541,
                0.0004837381,
                0.00013957404,
                9.9763805e-05
            ],
            "height": 84.0,
            "predictedClassNumbers": [
                0,
                56,
                3,
                1,
                2,
                60,
                13,
                26,
                58,
                25
            ],
            "predictedClasses": [
                "person",
                "chair",
                "motorbike",
                "bicycle",
                "car",
                "diningtable",
                "bench",
                "handbag",
                "pottedplant",
                "umbrella"
            ],
            "width": 53.0
        },
        {
            "centerX": 744.0,
            "centerY": 424.0,
            "confidences": [
                0.9401769,
                0.04193092,
                0.0106975455,
                0.0020462363,
                0.001206575,
                0.00058958447,
                0.00057910127,
                0.00045460596,
                0.00020313301,
                0.00012955126
            ],
            "height": 284.0,