{"val_loss": [0.09251604135856033, 0.08497970296368003], "val_acc": [0.9729, 0.9746], "loss": [0.24447498246828714, 0.09963830403486888], "acc": [0.9234833333015442, 0.9699499999682109]}